STATE/UT,CRIME HEAD,2001,2002,2003,2004,2005,2006,2007,2008,2009,2010,2011,2012
ANDHRA PRADESH,RAPE,1150,1340,1237,1443,1415,1360,1436,1531,1487,1761,1758,1664
ARUNACHAL PRADESH,RAPE,51,61,35,56,38,40,57,37,60,49,47,47
ASSAM,RAPE,928,1019,1188,1233,1406,1290,1477,1445,1644,1629,1470,1626
BIHAR,RAPE,1400,1304,1120,1157,1455,1451,1816,1464,1086,892,1185,1327
CHHATTISGARH,RAPE,1134,1214,1020,1144,1107,1211,1146,1108,1128,1198,1257,1214
GOA,RAPE,14,12,36,48,34,20,25,41,56,50,34,61
GUJARAT,RAPE,401,378,356,481,501,539,503,529,610,617,621,647
HARYANA,RAPE,539,511,523,573,627,772,607,849,848,866,801,940
HIMACHAL PRADESH,RAPE,152,204,146,187,176,131,197,182,250,197,187,259
JAMMU & KASHMIR,RAPE,222,203,266,271,248,301,331,234,303,266,349,388
JHARKHAND,RAPE,637,873,759,759,732,943,886,802,765,836,758,780
KARNATAKA,RAPE,361,357,410,397,381,475,518,642,595,771,837,842
KERALA,RAPE,712,600,517,562,506,666,555,623,694,659,1226,1259
MADHYA PRADESH,RAPE,3212,3926,3694,4181,3900,3878,4131,3875,4243,4387,4593,4822
MAHARASHTRA,RAPE,1886,1871,1856,1914,2227,2162,2097,2206,2075,2180,2533,2591
MANIPUR,RAPE,17,18,19,29,12,20,12,19,22,22,24,46
MEGHALAYA,RAPE,29,45,50,57,65,71,76,82,110,135,128,182
MIZORAM,RAPE,64,83,70,15,36,77,87,94,81,112,74,122
NAGALAND,RAPE,28,20,14,20,19,29,15,27,27,17,27,26
ODISHA,RAPE,887,820,839,906,838,1020,1026,1045,1119,1363,1224,1666
PUNJAB,RAPE,459,538,574,563,553,618,709,663,681,766,598,895
RAJASTHAN,RAPE,1147,937,928,995,1110,1085,1201,1211,1388,1343,1642,1807
SIKKIM,RAPE,6,2,7,3,8,17,30,24,19,21,25,29
TAMIL NADU,RAPE,565,695,661,681,744,573,615,740,776,777,837,962
TRIPURA,RAPE,139,141,135,190,157,167,165,210,336,320,258,202
UTTAR PRADESH,RAPE,2685,2050,1211,1942,1683,1770,2283,2825,2918,2580,3571,3593
UTTARAKHAND,RAPE,82,142,154,226,225,233,171,108,138,171,149,184
WEST BENGAL,RAPE,1027,1279,1497,1661,2085,2045,2409,1790,1748,2395,1870,1963
TOTAL (STATES),RAPE,19934,20643,19322,21694,22288,22964,24581,24406,25207,26380,28083,30144
A & N ISLANDS,RAPE,3,6,6,11,8,7,3,13,36,39,28,17
CHANDIGARH,RAPE,32,28,32,27,43,27,24,27,38,44,27,34
D & N HAVELI,RAPE,10,3,1,12,6,5,5,8,5,3,4,5
DAMAN & DIU,RAPE,0,0,6,2,1,2,4,0,1,1,0,10
DELHI,RAPE,454,546,624,737,856,778,731,573,557,602,707,892
LAKSHADWEEP,RAPE,0,2,2,0,0,0,1,1,0,0,0,0
PUDUCHERRY,RAPE,13,8,1,6,10,9,14,8,1,5,29,15
TOTAL (UTs),RAPE,512,593,672,795,924,828,782,630,638,694,795,973
TOTAL (ALL-INDIA),RAPE,20446,21236,19994,22489,23212,23792,25363,25036,25845,27074,28878,31117
ANDHRA PRADESH,KIDNAPPING AND ABDUCTION,965,962,878,1105,1230,1326,1674,1606,1889,1722,1698,1764
ARUNACHAL PRADESH,KIDNAPPING AND ABDUCTION,60,57,50,34,28,51,51,57,38,48,67,49
ASSAM,KIDNAPPING AND ABDUCTION,1583,1967,1894,2083,2250,1848,1721,1965,2392,2687,2838,2689
BIHAR,KIDNAPPING AND ABDUCTION,988,1154,877,1606,1518,1961,2085,2382,2397,2503,3565,4639
CHHATTISGARH,KIDNAPPING AND ABDUCTION,223,178,135,225,223,177,196,229,267,352,372,441
GOA,KIDNAPPING AND ABDUCTION,8,9,12,14,18,12,8,28,18,15,16,12
GUJARAT,KIDNAPPING AND ABDUCTION,1063,1007,945,1171,1147,1142,1356,1320,1494,1651,1888,1939
HARYANA,KIDNAPPING AND ABDUCTION,298,328,354,315,274,395,490,594,530,543,548,660
HIMACHAL PRADESH,KIDNAPPING AND ABDUCTION,74,96,76,73,115,77,106,144,102,101,134,131
JAMMU & KASHMIR,KIDNAPPING AND ABDUCTION,633,563,696,672,741,862,959,523,696,509,894,884
JHARKHAND,KIDNAPPING AND ABDUCTION,318,152,336,336,207,378,549,604,397,710,901,1000
KARNATAKA,KIDNAPPING AND ABDUCTION,306,336,242,278,270,357,373,487,506,751,703,1035
KERALA,KIDNAPPING AND ABDUCTION,114,92,104,135,179,219,194,179,202,221,230,253
MADHYA PRADESH,KIDNAPPING AND ABDUCTION,917,1126,918,986,1047,869,906,1013,1060,1303,1473,1648
MAHARASHTRA,KIDNAPPING AND ABDUCTION,1022,977,938,1125,1338,1324,1286,1487,1388,1470,1954,1775
MANIPUR,KIDNAPPING AND ABDUCTION,58,62,67,77,68,49,59,68,95,83,94,101
MEGHALAYA,KIDNAPPING AND ABDUCTION,9,21,4,16,16,27,12,14,17,41,18,6
MIZORAM,KIDNAPPING AND ABDUCTION,5,3,3,0,0,1,0,1,0,0,0,3
NAGALAND,KIDNAPPING AND ABDUCTION,9,4,6,2,6,5,12,5,8,13,3,7
ODISHA,KIDNAPPING AND ABDUCTION,555,534,531,477,530,558,681,633,814,1070,1107,1347
PUNJAB,KIDNAPPING AND ABDUCTION,369,348,253,266,361,471,592,573,566,646,589,731
RAJASTHAN,KIDNAPPING AND ABDUCTION,1261,1103,921,1245,926,1011,942,942,1138,1281,1461,1565
SIKKIM,KIDNAPPING AND ABDUCTION,0,2,0,4,3,0,3,8,7,13,6,8
TAMIL NADU,KIDNAPPING AND ABDUCTION,808,847,856,985,911,1052,1107,1405,1312,1532,1778,1557
TRIPURA,KIDNAPPING AND ABDUCTION,43,60,68,83,69,61,81,112,125,106,113,120
UTTAR PRADESH,KIDNAPPING AND ABDUCTION,4295,3829,2374,3709,3593,4270,5683,8280,10487,11903,19299,20565
UTTARAKHAND,KIDNAPPING AND ABDUCTION,153,244,217,202,223,314,363,203,191,293,295,242
WEST BENGAL,KIDNAPPING AND ABDUCTION,1331,1781,1571,1620,1565,1660,1742,1857,1958,2254,2748,3352
TOTAL (STATES),KIDNAPPING AND ABDUCTION,17468,17842,15326,18844,18856,20477,23231,26719,30094,33821,44792,48523
A & N ISLANDS,KIDNAPPING AND ABDUCTION,4,1,1,2,0,10,6,10,5,11,14,7
CHANDIGARH,KIDNAPPING AND ABDUCTION,43,37,22,61,39,50,45,42,29,23,33,48
D & N HAVELI,KIDNAPPING AND ABDUCTION,3,6,6,6,6,7,7,16,12,7,3,11
DAMAN & DIU,KIDNAPPING AND ABDUCTION,2,0,1,0,4,1,3,0,0,0,8,0
DELHI,KIDNAPPING AND ABDUCTION,298,325,274,331,419,402,352,412,375,366,503,478
LAKSHADWEEP,KIDNAPPING AND ABDUCTION,0,0,0,0,0,0,0,1,0,0,0,0
PUDUCHERRY,KIDNAPPING AND ABDUCTION,1,10,13,6,2,20,14,8,11,22,10,16
TOTAL (UTs),KIDNAPPING AND ABDUCTION,351,379,317,406,470,490,427,489,432,429,571,560
TOTAL (ALL-INDIA),KIDNAPPING AND ABDUCTION,17819,18221,15643,19250,19326,20967,23658,27208,30526,34250,45363,49083
ANDHRA PRADESH,DOWRY DEATHS,1054,1058,1361,1102,1280,1274,1562,1585,1220,1322,1400,1267
ARUNACHAL PRADESH,DOWRY DEATHS,0,0,0,0,0,0,0,0,0,0,0,2
ASSAM,DOWRY DEATHS,95,127,113,161,174,201,172,159,297,263,146,215
BIHAR,DOWRY DEATHS,2899,2538,2488,2317,2323,2674,3265,2605,2908,2508,3900,3994
CHHATTISGARH,DOWRY DEATHS,163,217,224,220,296,273,247,254,353,277,287,211
GOA,DOWRY DEATHS,4,2,2,8,2,0,8,2,3,5,2,0
GUJARAT,DOWRY DEATHS,238,174,147,122,136,150,121,79,53,28,62,38
HARYANA,DOWRY DEATHS,734,635,528,563,481,533,572,622,633,589,457,481
HIMACHAL PRADESH,DOWRY DEATHS,15,13,15,25,6,12,31,8,3,4,8,4
JAMMU & KASHMIR,DOWRY DEATHS,40,27,20,24,26,12,21,25,46,26,12,23
JHARKHAND,DOWRY DEATHS,557,632,578,578,503,557,559,570,562,567,536,444
KARNATAKA,DOWRY DEATHS,422,571,487,553,578,587,582,698,666,621,642,539
KERALA,DOWRY DEATHS,55,44,59,53,31,39,40,35,32,34,25,38
MADHYA PRADESH,DOWRY DEATHS,1503,1822,1812,2257,1992,2203,2127,2302,2474,2564,2144,2142
MAHARASHTRA,DOWRY DEATHS,1009,1222,1459,1235,1379,1348,1349,1464,1233,1438,1261,1141
MANIPUR,DOWRY DEATHS,0,0,0,0,0,0,0,1,0,0,5,0
MEGHALAYA,DOWRY DEATHS,0,0,0,3,1,0,4,2,0,0,3,4
MIZORAM,DOWRY DEATHS,0,0,0,0,0,0,0,0,0,0,0,0
NAGALAND,DOWRY DEATHS,0,0,0,0,0,0,0,0,0,0,0,0
ODISHA,DOWRY DEATHS,603,602,686,932,708,969,958,733,857,988,858,903
PUNJAB,DOWRY DEATHS,450,495,288,345,246,331,316,286,323,288,364,274
RAJASTHAN,DOWRY DEATHS,722,582,582,680,560,665,683,643,553,616,673,631
SIKKIM,DOWRY DEATHS,0,0,0,0,0,0,0,0,0,2,0,9
TAMIL NADU,DOWRY DEATHS,2266,572,484,514,492,457,503,488,430,313,336,278
TRIPURA,DOWRY DEATHS,94,13,41,28,43,25,42,31,60,62,57,87
UTTAR PRADESH,DOWRY DEATHS,6305,5673,3792,4836,4523,5280,7310,8541,9203,9250,9795,9884
UTTARAKHAND,DOWRY DEATHS,161,187,234,267,160,227,244,168,218,168,233,147
WEST BENGAL,DOWRY DEATHS,725,784,914,976,956,1058,1068,1082,1002,1124,1118,1345
TOTAL (STATES),DOWRY DEATHS,20114,17990,16314,17799,16896,18875,21784,22383,23129,23057,24324,24101
A & N ISLANDS,DOWRY DEATHS,0,0,0,0,0,0,2,3,0,0,0,3
CHANDIGARH,DOWRY DEATHS,7,0,4,13,6,30,3,7,3,10,3,14
D & N HAVELI,DOWRY DEATHS,0,0,0,0,0,1,0,0,0,0,0,0
DAMAN & DIU,DOWRY DEATHS,0,0,0,0,0,1,3,0,0,0,0,0
DELHI,DOWRY DEATHS,256,345,318,298,267,320,313,230,242,209,246,300
LAKSHADWEEP,DOWRY DEATHS,0,0,0,0,0,0,0,0,0,0,0,0
PUDUCHERRY,DOWRY DEATHS,4,11,0,9,4,7,8,1,0,4,5,0
TOTAL (UTs),DOWRY DEATHS,267,356,322,320,277,359,329,241,245,223,254,317
TOTAL (ALL-INDIA),DOWRY DEATHS,20381,18346,16636,18119,17173,19234,22113,22624,23374,23280,24578,24418
ANDHRA PRADESH,ASSAULT ON WOMEN WITH INTENT TO OUTRAGE HER MODESTY,3639,4055,4577,4259,4003,4431,4893,4922,5441,4622,4554,4834
ARUNACHAL PRADESH,ASSAULT ON WOMEN WITH INTENT TO OUTRAGE HER MODESTY,95,80,66,68,51,40,72,73,70,88,69,77
ASSAM,ASSAULT ON WOMEN WITH INTENT TO OUTRAGE HER MODESTY,1161,1372,1660,1322,1288,1716,1466,1307,1614,2020,1794,2250
BIHAR,ASSAULT ON WOMEN WITH INTENT TO OUTRAGE HER MODESTY,982,997,965,1058,715,720,1360,1165,795,808,1036,278
CHHATTISGARH,ASSAULT ON WOMEN WITH INTENT TO OUTRAGE HER MODESTY,2106,1728,1755,1972,1734,1880,1831,1934,1817,1969,1948,1891
GOA,ASSAULT ON WOMEN WITH INTENT TO OUTRAGE HER MODESTY,15,24,15,24,42,25,24,28,35,37,28,42
GUJARAT,ASSAULT ON WOMEN WITH INTENT TO OUTRAGE HER MODESTY,1033,1015,970,1132,1064,957,1227,1291,1025,986,1051,1118
HARYANA,ASSAULT ON WOMEN WITH INTENT TO OUTRAGE HER MODESTY,567,603,475,491,506,653,572,533,553,605,534,698
HIMACHAL PRADESH,ASSAULT ON WOMEN WITH INTENT TO OUTRAGE HER MODESTY,431,419,335,347,357,391,404,358,345,418,373,317
JAMMU & KASHMIR,ASSAULT ON WOMEN WITH INTENT TO OUTRAGE HER MODESTY,1034,1377,1966,1857,1563,2015,2306,1748,2044,2053,2759,2814
JHARKHAND,ASSAULT ON WOMEN WITH INTENT TO OUTRAGE HER MODESTY,384,433,425,425,299,445,402,302,327,273,340,355
KARNATAKA,ASSAULT ON WOMEN WITH INTENT TO OUTRAGE HER MODESTY,2401,2366,2266,1925,2066,2445,2456,2927,3159,3411,3381,3982
KERALA,ASSAULT ON WOMEN WITH INTENT TO OUTRAGE HER MODESTY,2317,2568,2328,2825,2842,2951,2959,3452,3238,3585,4257,4167
MADHYA PRADESH,ASSAULT ON WOMEN WITH INTENT TO OUTRAGE HER MODESTY,8196,8760,8326,8022,7762,7235,8053,7686,7567,7863,7904,8085
MAHARASHTRA,ASSAULT ON WOMEN WITH INTENT TO OUTRAGE HER MODESTY,3385,3260,3147,3355,3865,4246,3864,4334,3938,4386,4704,4885
MANIPUR,ASSAULT ON WOMEN WITH INTENT TO OUTRAGE HER MODESTY,12,41,54,26,27,29,47,47,40,23,24,34
MEGHALAYA,ASSAULT ON WOMEN WITH INTENT TO OUTRAGE HER MODESTY,13,14,25,17,21,50,24,18,42,29,58,45
MIZORAM,ASSAULT ON WOMEN WITH INTENT TO OUTRAGE HER MODESTY,58,55,96,60,43,60,64,76,78,79,63,82
NAGALAND,ASSAULT ON WOMEN WITH INTENT TO OUTRAGE HER MODESTY,0,1,3,2,7,4,10,22,13,15,12,16
ODISHA,ASSAULT ON WOMEN WITH INTENT TO OUTRAGE HER MODESTY,2278,2316,2440,2468,3318,3565,3713,3765,3589,4116,4541,6060
PUNJAB,ASSAULT ON WOMEN WITH INTENT TO OUTRAGE HER MODESTY,462,425,439,337,361,422,472,512,355,454,402,413
RAJASTHAN,ASSAULT ON WOMEN WITH INTENT TO OUTRAGE HER MODESTY,3282,2967,2816,3150,2885,2975,2753,2893,2692,2598,2740,2658
SIKKIM,ASSAULT ON WOMEN WITH INTENT TO OUTRAGE HER MODESTY,0,17,21,58,28,16,11,18,36,23,17,17
TAMIL NADU,ASSAULT ON WOMEN WITH INTENT TO OUTRAGE HER MODESTY,2283,2847,2615,2767,2515,1667,1945,2220,1916,1946,2092,2091
TRIPURA,ASSAULT ON WOMEN WITH INTENT TO OUTRAGE HER MODESTY,62,95,157,189,156,162,197,349,434,456,455,375
UTTAR PRADESH,ASSAULT ON WOMEN WITH INTENT TO OUTRAGE HER MODESTY,3960,2944,1518,2592,2600,2785,3485,4109,4026,4189,5252,5143
UTTARAKHAND,ASSAULT ON WOMEN WITH INTENT TO OUTRAGE HER MODESTY,150,234,196,222,149,204,306,160,178,184,153,199
WEST BENGAL,ASSAULT ON WOMEN WITH INTENT TO OUTRAGE HER MODESTY,1163,1377,2021,1714,2027,2004,1712,1584,1640,1841,2243,2879
TOTAL (STATES),ASSAULT ON WOMEN WITH INTENT TO OUTRAGE HER MODESTY,41469,42390,41677,42684,42294,44093,46628,47833,47007,49077,52784,55805
A & N ISLANDS,ASSAULT ON WOMEN WITH INTENT TO OUTRAGE HER MODESTY,19,17,12,13,14,19,32,32,40,40,15,20
CHANDIGARH,ASSAULT ON WOMEN WITH INTENT TO OUTRAGE HER MODESTY,33,39,19,24,36,28,39,22,39,28,24,54
D & N HAVELI,ASSAULT ON WOMEN WITH INTENT TO OUTRAGE HER MODESTY,7,2,7,8,10,5,0,7,2,12,2,2
DAMAN & DIU,ASSAULT ON WOMEN WITH INTENT TO OUTRAGE HER MODESTY,0,0,3,0,1,5,0,1,5,2,0,0
DELHI,ASSAULT ON WOMEN WITH INTENT TO OUTRAGE HER MODESTY,650,634,647,756,968,887,1143,855,710,794,865,939
LAKSHADWEEP,ASSAULT ON WOMEN WITH INTENT TO OUTRAGE HER MODESTY,0,1,1,0,0,0,1,0,0,0,0,0
PUDUCHERRY,ASSAULT ON WOMEN WITH INTENT TO OUTRAGE HER MODESTY,66,78,78,94,101,79,160,85,53,71,77,7
TOTAL (UTs),ASSAULT ON WOMEN WITH INTENT TO OUTRAGE HER MODESTY,775,771,767,895,1130,1023,1375,1002,849,947,983,1022
TOTAL (ALL-INDIA),ASSAULT ON WOMEN WITH INTENT TO OUTRAGE HER MODESTY,42244,43161,42444,43579,43424,45116,48003,48835,47856,50024,53767,56827
ANDHRA PRADESH,INSULT TO THE MODESTY OF WOMEN,2268,2433,3066,2528,2963,2816,3614,3240,4178,3820,4122,4348
ARUNACHAL PRADESH,INSULT TO THE MODESTY OF WOMEN,3,4,0,0,0,2,5,1,2,1,0,0
ASSAM,INSULT TO THE MODESTY OF WOMEN,11,7,6,19,9,10,16,2,15,35,26,12
BIHAR,INSULT TO THE MODESTY OF WOMEN,37,16,20,18,27,55,19,30,16,22,9,39
CHHATTISGARH,INSULT TO THE MODESTY OF WOMEN,194,177,155,155,173,179,129,165,235,261,250,193
GOA,INSULT TO THE MODESTY OF WOMEN,8,8,6,17,9,6,6,12,10,22,16,17
GUJARAT,INSULT TO THE MODESTY OF WOMEN,147,142,111,251,125,143,179,161,188,131,168,117
HARYANA,INSULT TO THE MODESTY OF WOMEN,480,1612,1347,959,755,584,576,731,717,635,564,558
HIMACHAL PRADESH,INSULT TO THE MODESTY OF WOMEN,18,16,18,17,34,34,12,55,40,73,56,91
JAMMU & KASHMIR,INSULT TO THE MODESTY OF WOMEN,367,458,471,319,442,469,465,401,512,295,458,447
JHARKHAND,INSULT TO THE MODESTY OF WOMEN,46,3,29,29,88,33,23,63,38,20,16,51
KARNATAKA,INSULT TO THE MODESTY OF WOMEN,71,83,57,63,53,42,44,38,40,22,44,147
KERALA,INSULT TO THE MODESTY OF WOMEN,127,113,222,148,198,230,281,302,456,604,598,538
MADHYA PRADESH,INSULT TO THE MODESTY OF WOMEN,1123,1110,907,1032,878,970,1104,958,1047,1182,850,1056
MAHARASHTRA,INSULT TO THE MODESTY OF WOMEN,1314,972,951,1092,1256,1195,1291,1352,1337,1515,1300,1548
MANIPUR,INSULT TO THE MODESTY OF WOMEN,0,0,0,0,0,0,0,0,1,0,1,0
MEGHALAYA,INSULT TO THE MODESTY OF WOMEN,0,0,1,0,0,0,0,2,1,0,0,0
MIZORAM,INSULT TO THE MODESTY OF WOMEN,0,1,0,0,6,0,0,0,1,0,0,1
NAGALAND,INSULT TO THE MODESTY OF WOMEN,0,0,5,0,0,2,1,0,0,3,0,0
ODISHA,INSULT TO THE MODESTY OF WOMEN,539,244,299,255,293,311,317,352,297,354,313,376
PUNJAB,INSULT TO THE MODESTY OF WOMEN,57,185,225,43,42,75,59,61,50,42,34,45
RAJASTHAN,INSULT TO THE MODESTY OF WOMEN,58,62,33,51,38,33,34,15,24,22,13,20
SIKKIM,INSULT TO THE MODESTY OF WOMEN,18,0,0,0,0,0,0,0,0,0,0,0
TAMIL NADU,INSULT TO THE MODESTY OF WOMEN,1229,1857,884,1037,787,857,931,1245,568,739,490,470
TRIPURA,INSULT TO THE MODESTY OF WOMEN,0,0,0,0,1,0,4,8,10,9,9,15
UTTAR PRADESH,INSULT TO THE MODESTY OF WOMEN,3961,2771,6126,4176,4469,3852,4149,4958,3878,15,3,14
UTTARAKHAND,INSULT TO THE MODESTY OF WOMEN,137,135,167,267,179,186,128,459,419,282,111,103
WEST BENGAL,INSULT TO THE MODESTY OF WOMEN,56,49,84,90,66,76,118,156,120,165,225,617
TOTAL (STATES),INSULT TO THE MODESTY OF WOMEN,12269,12458,15190,12566,12891,12160,13505,14767,14200,10269,9676,10823
A & N ISLANDS,INSULT TO THE MODESTY OF WOMEN,1,3,2,3,3,6,0,4,8,14,7,6
CHANDIGARH,INSULT TO THE MODESTY OF WOMEN,17,31,3,24,13,20,15,3,6,2,11,32
D & N HAVELI,INSULT TO THE MODESTY OF WOMEN,0,0,0,0,0,1,0,0,0,2,1,0
DAMAN & DIU,INSULT TO THE MODESTY OF WOMEN,0,0,0,0,0,0,0,0,1,0,0,0
DELHI,INSULT TO THE MODESTY OF WOMEN,107,171,113,137,255,163,181,141,132,89,165,231
LAKSHADWEEP,INSULT TO THE MODESTY OF WOMEN,0,0,0,0,0,0,0,0,0,0,0,0
PUDUCHERRY,INSULT TO THE MODESTY OF WOMEN,45,35,43,41,30,70,52,28,21,28,20,17
TOTAL (UTs),INSULT TO THE MODESTY OF WOMEN,170,240,161,205,301,260,248,176,168,135,204,286
TOTAL (ALL-INDIA),INSULT TO THE MODESTY OF WOMEN,12439,12698,15351,12771,13192,12420,13753,14943,14368,10404,9880,11109
ANDHRA PRADESH,CRUELTY BY HUSBAND OR HIS RELATIVES (IPC SECTION 498A),9725,12134,15784,15583,15409,15531,18016,19398,19018,21572,20719,21251
ARUNACHAL PRADESH,CRUELTY BY HUSBAND OR HIS RELATIVES (IPC SECTION 498A),9,5,9,4,12,8,18,12,12,11,16,26
ASSAM,CRUELTY BY HUSBAND OR HIS RELATIVES (IPC SECTION 498A),1515,2108,2473,3171,3439,3200,3818,3577,5753,6208,4894,5435
BIHAR,CRUELTY BY HUSBAND OR HIS RELATIVES (IPC SECTION 498A),3838,4278,3940,4123,3151,3124,3973,3732,4939,3850,5134,6963
CHHATTISGARH,CRUELTY BY HUSBAND OR HIS RELATIVES (IPC SECTION 498A),1439,1519,1528,2267,1923,1932,2195,2297,2462,2450,2200,2581
GOA,CRUELTY BY HUSBAND OR HIS RELATIVES (IPC SECTION 498A),36,11,55,45,14,34,47,23,46,41,21,54
GUJARAT,CRUELTY BY HUSBAND OR HIS RELATIVES (IPC SECTION 498A),10192,9413,10818,12236,13272,14878,18050,18602,17595,16877,18141,19982
HARYANA,CRUELTY BY HUSBAND OR HIS RELATIVES (IPC SECTION 498A),3134,3159,3044,3427,3303,3538,3880,3712,3661,4057,3533,3606
HIMACHAL PRADESH,CRUELTY BY HUSBAND OR HIS RELATIVES (IPC SECTION 498A),648,485,460,534,541,506,718,731,648,677,507,505
JAMMU & KASHMIR,CRUELTY BY HUSBAND OR HIS RELATIVES (IPC SECTION 498A),110,113,149,172,130,222,320,290,469,418,617,634
JHARKHAND,CRUELTY BY HUSBAND OR HIS RELATIVES (IPC SECTION 498A),943,1125,1025,1025,965,1141,1193,1651,1560,1600,1346,2207
KARNATAKA,CRUELTY BY HUSBAND OR HIS RELATIVES (IPC SECTION 498A),3413,3219,3419,2795,3334,3488,4182,4827,5784,6515,6801,6317
KERALA,CRUELTY BY HUSBAND OR HIS RELATIVES (IPC SECTION 498A),4288,5028,5004,5637,6287,6771,6626,6303,5828,7522,7305,6923
MADHYA PRADESH,CRUELTY BY HUSBAND OR HIS RELATIVES (IPC SECTION 498A),7155,8497,8265,10310,8498,8416,9424,10196,11182,10253,10313,11104
MAHARASHTRA,CRUELTY BY HUSBAND OR HIS RELATIVES (IPC SECTION 498A),20940,20255,19932,20490,22959,24060,24745,25979,29493,28261,26325,27379
MANIPUR,CRUELTY BY HUSBAND OR HIS RELATIVES (IPC SECTION 498A),4,11,10,0,18,6,15,12,25,13,22,21
MEGHALAYA,CRUELTY BY HUSBAND OR HIS RELATIVES (IPC SECTION 498A),3,0,1,3,3,8,13,29,6,11,34,14
MIZORAM,CRUELTY BY HUSBAND OR HIS RELATIVES (IPC SECTION 498A),0,3,2,0,0,0,1,5,4,3,7,7
NAGALAND,CRUELTY BY HUSBAND OR HIS RELATIVES (IPC SECTION 498A),0,0,0,0,0,5,0,4,0,3,1,0
ODISHA,CRUELTY BY HUSBAND OR HIS RELATIVES (IPC SECTION 498A),1972,2076,2215,2086,2671,2661,2089,2121,2915,4840,3739,4699
PUNJAB,CRUELTY BY HUSBAND OR HIS RELATIVES (IPC SECTION 498A),2746,2514,2177,1939,1544,1683,1911,1963,1871,2159,2229,2288
RAJASTHAN,CRUELTY BY HUSBAND OR HIS RELATIVES (IPC SECTION 498A),7082,7312,7058,8116,6799,8277,8486,8027,9326,9113,9791,9949
SIKKIM,CRUELTY BY HUSBAND OR HIS RELATIVES (IPC SECTION 498A),0,3,1,1,3,4,8,5,12,4,4,6
TAMIL NADU,CRUELTY BY HUSBAND OR HIS RELATIVES (IPC SECTION 498A),1545,1797,2558,2540,2606,2392,3538,3351,2697,2981,2879,4019
TRIPURA,CRUELTY BY HUSBAND OR HIS RELATIVES (IPC SECTION 498A),252,249,477,493,882,857,618,1064,1760,1172,1776,1147
UTTAR PRADESH,CRUELTY BY HUSBAND OR HIS RELATIVES (IPC SECTION 498A),19827,17126,7089,14394,14154,14590,23465,27984,31807,29853,33465,36115
UTTARAKHAND,CRUELTY BY HUSBAND OR HIS RELATIVES (IPC SECTION 498A),746,802,854,1454,698,989,1437,570,890,625,382,484
WEST BENGAL,CRUELTY BY HUSBAND OR HIS RELATIVES (IPC SECTION 498A),6645,8792,9549,10212,12201,15354,14700,17521,13884,18387,17583,22911
TOTAL (STATES),CRUELTY BY HUSBAND OR HIS RELATIVES (IPC SECTION 498A),108207,112034,107896,123057,124816,133675,153486,163986,173647,179476,179784,196627
A & N ISLANDS,CRUELTY BY HUSBAND OR HIS RELATIVES (IPC SECTION 498A),7,3,15,15,7,7,34,23,35,12,8,4
CHANDIGARH,CRUELTY BY HUSBAND OR HIS RELATIVES (IPC SECTION 498A),33,51,112,134,142,190,143,80,28,18,24,86
D & N HAVELI,CRUELTY BY HUSBAND OR HIS RELATIVES (IPC SECTION 498A),4,8,2,6,13,6,3,11,0,14,4,0
DAMAN & DIU,CRUELTY BY HUSBAND OR HIS RELATIVES (IPC SECTION 498A),13,4,0,8,7,14,19,20,4,6,0,11
DELHI,CRUELTY BY HUSBAND OR HIS RELATIVES (IPC SECTION 498A),1200,844,2594,2435,2572,3256,2688,725,658,878,860,1026
LAKSHADWEEP,CRUELTY BY HUSBAND OR HIS RELATIVES (IPC SECTION 498A),0,0,0,1,0,1,0,0,2,0,0,1
PUDUCHERRY,CRUELTY BY HUSBAND OR HIS RELATIVES (IPC SECTION 498A),3,12,4,1,3,31,39,16,21,9,21,7
TOTAL (UTs),CRUELTY BY HUSBAND OR HIS RELATIVES (IPC SECTION 498A),1260,922,2727,2600,2744,3505,2926,875,748,937,917,1135
TOTAL (ALL-INDIA),CRUELTY BY HUSBAND OR HIS RELATIVES (IPC SECTION 498A),109467,112956,110623,125657,127560,137180,156412,164861,174395,180413,180701,197762
ANDHRA PRADESH,IMPORTATION OF GIRLS FROM FOREIGN COUNTRY,6,0,1,5,5,0,0,0,0,0,0,0
ARUNACHAL PRADESH,IMPORTATION OF GIRLS FROM FOREIGN COUNTRY,0,0,0,0,0,0,0,0,0,0,0,0
ASSAM,IMPORTATION OF GIRLS FROM FOREIGN COUNTRY,0,0,0,0,3,0,0,0,1,0,2,2
BIHAR,IMPORTATION OF GIRLS FROM FOREIGN COUNTRY,179,63,48,39,90,68,87,56,17,26,26,6
CHHATTISGARH,IMPORTATION OF GIRLS FROM FOREIGN COUNTRY,0,0,0,0,0,3,0,0,0,5,7,0
GOA,IMPORTATION OF GIRLS FROM FOREIGN COUNTRY,0,0,0,0,0,0,0,0,0,0,0,0
GUJARAT,IMPORTATION OF GIRLS FROM FOREIGN COUNTRY,0,0,0,0,0,0,0,0,0,0,0,0
HARYANA,IMPORTATION OF GIRLS FROM FOREIGN COUNTRY,0,0,0,0,0,0,0,0,0,0,0,0
HIMACHAL PRADESH,IMPORTATION OF GIRLS FROM FOREIGN COUNTRY,0,0,0,0,0,0,0,0,0,0,0,0
JAMMU & KASHMIR,IMPORTATION OF GIRLS FROM FOREIGN COUNTRY,0,0,0,0,0,0,0,0,0,0,0,0
JHARKHAND,IMPORTATION OF GIRLS FROM FOREIGN COUNTRY,8,33,0,0,35,0,0,63,20,15,1,3
KARNATAKA,IMPORTATION OF GIRLS FROM FOREIGN COUNTRY,0,0,0,0,0,0,0,0,0,0,2,0
KERALA,IMPORTATION OF GIRLS FROM FOREIGN COUNTRY,0,0,0,0,0,0,0,0,0,0,0,0
MADHYA PRADESH,IMPORTATION OF GIRLS FROM FOREIGN COUNTRY,0,0,0,0,4,0,0,0,2,19,178,10
MAHARASHTRA,IMPORTATION OF GIRLS FROM FOREIGN COUNTRY,11,0,0,0,0,2,0,0,0,0,0,0
MANIPUR,IMPORTATION OF GIRLS FROM FOREIGN COUNTRY,0,0,0,0,0,0,0,0,0,0,0,0
MEGHALAYA,IMPORTATION OF GIRLS FROM FOREIGN COUNTRY,0,0,0,0,0,0,0,0,2,0,2,0
MIZORAM,IMPORTATION OF GIRLS FROM FOREIGN COUNTRY,0,1,1,0,0,0,0,0,0,0,0,0
NAGALAND,IMPORTATION OF GIRLS FROM FOREIGN COUNTRY,0,0,1,0,0,0,0,0,0,0,0,0
ODISHA,IMPORTATION OF GIRLS FROM FOREIGN COUNTRY,0,0,0,0,0,0,0,0,0,5,3,0
PUNJAB,IMPORTATION OF GIRLS FROM FOREIGN COUNTRY,0,0,0,0,0,6,0,0,0,0,0,0
RAJASTHAN,IMPORTATION OF GIRLS FROM FOREIGN COUNTRY,2,0,3,5,0,4,0,0,0,0,0,0
SIKKIM,IMPORTATION OF GIRLS FROM FOREIGN COUNTRY,0,0,0,0,0,0,0,0,0,0,0,0
TAMIL NADU,IMPORTATION OF GIRLS FROM FOREIGN COUNTRY,12,0,0,0,0,0,0,0,0,0,0,0
TRIPURA,IMPORTATION OF GIRLS FROM FOREIGN COUNTRY,0,0,0,0,0,0,0,0,0,0,0,0
UTTAR PRADESH,IMPORTATION OF GIRLS FROM FOREIGN COUNTRY,0,0,0,7,0,0,0,0,0,0,0,0
UTTARAKHAND,IMPORTATION OF GIRLS FROM FOREIGN COUNTRY,0,2,0,0,0,0,0,0,0,0,0,0
WEST BENGAL,IMPORTATION OF GIRLS FROM FOREIGN COUNTRY,2,2,1,12,75,2,8,6,7,11,0,25
TOTAL (STATES),IMPORTATION OF GIRLS FROM FOREIGN COUNTRY,220,101,55,68,212,85,95,125,49,81,221,46
A & N ISLANDS,IMPORTATION OF GIRLS FROM FOREIGN COUNTRY,0,0,0,0,0,0,0,0,0,0,0,0
CHANDIGARH,IMPORTATION OF GIRLS FROM FOREIGN COUNTRY,0,0,0,0,0,0,0,0,0,0,0,0
D & N HAVELI,IMPORTATION OF GIRLS FROM FOREIGN COUNTRY,0,0,0,0,0,0,0,0,0,0,0,0
DAMAN & DIU,IMPORTATION OF GIRLS FROM FOREIGN COUNTRY,0,0,0,0,0,0,0,0,0,0,0,0
DELHI,IMPORTATION OF GIRLS FROM FOREIGN COUNTRY,0,0,0,0,0,0,0,0,0,0,0,0
LAKSHADWEEP,IMPORTATION OF GIRLS FROM FOREIGN COUNTRY,0,0,0,0,0,0,0,0,0,0,0,0
PUDUCHERRY,IMPORTATION OF GIRLS FROM FOREIGN COUNTRY,0,0,0,0,0,0,0,0,0,0,0,0
TOTAL (UTs),IMPORTATION OF GIRLS FROM FOREIGN COUNTRY,0,0,0,0,0,0,0,0,0,0,0,0
TOTAL (ALL-INDIA),IMPORTATION OF GIRLS FROM FOREIGN COUNTRY,220,101,55,68,212,85,95,125,49,81,221,46
ANDHRA PRADESH,IMMORAL TRAFFIC (P) ACT,1860,1598,881,1066,1691,1830,1700,1179,1016,1332,1267,1354
ARUNACHAL PRADESH,IMMORAL TRAFFIC (P) ACT,0,0,0,0,0,0,0,0,0,0,0,1
ASSAM,IMMORAL TRAFFIC (P) ACT,6,63,82,82,69,124,52,62,61,49,55,51
BIHAR,IMMORAL TRAFFIC (P) ACT,168,27,34,50,43,30,55,80,56,52,34,116
CHHATTISGARH,IMMORAL TRAFFIC (P) ACT,36,30,19,40,19,72,73,9,43,51,60,22
GOA,IMMORAL TRAFFIC (P) ACT,101,69,65,71,110,62,27,42,67,44,42,100
GUJARAT,IMMORAL TRAFFIC (P) ACT,390,426,698,156,265,377,229,212,200,157,206,124
HARYANA,IMMORAL TRAFFIC (P) ACT,93,181,250,275,319,359,353,361,391,226,251,303
HIMACHAL PRADESH,IMMORAL TRAFFIC (P) ACT,5,2,25,15,26,0,0,12,26,11,3,18
JAMMU & KASHMIR,IMMORAL TRAFFIC (P) ACT,16,20,5,29,13,14,9,10,19,0,8,13
JHARKHAND,IMMORAL TRAFFIC (P) ACT,2,7,5,5,37,34,59,16,2,23,22,20
KARNATAKA,IMMORAL TRAFFIC (P) ACT,2325,2441,2723,2571,3178,2545,1908,1666,1338,934,1387,1240
KERALA,IMMORAL TRAFFIC (P) ACT,410,476,455,426,503,459,518,422,649,576,308,324
MADHYA PRADESH,IMMORAL TRAFFIC (P) ACT,105,79,94,133,79,69,105,39,75,91,193,59
MAHARASHTRA,IMMORAL TRAFFIC (P) ACT,976,1438,962,1149,1046,1645,1266,1405,1437,1007,1392,1621
MANIPUR,IMMORAL TRAFFIC (P) ACT,11,29,0,0,2,0,0,0,0,0,0,0
MEGHALAYA,IMMORAL TRAFFIC (P) ACT,0,0,1,0,0,2,1,14,0,12,15,20
MIZORAM,IMMORAL TRAFFIC (P) ACT,11,9,1,4,0,0,0,1,1,0,5,0
NAGALAND,IMMORAL TRAFFIC (P) ACT,1,24,1,12,5,19,20,10,24,15,6,26
ODISHA,IMMORAL TRAFFIC (P) ACT,95,109,79,63,107,131,131,107,57,97,69,82
PUNJAB,IMMORAL TRAFFIC (P) ACT,120,209,229,140,185,269,145,168,234,288,214,402
RAJASTHAN,IMMORAL TRAFFIC (P) ACT,218,281,256,272,408,387,320,253,215,299,339,349
SIKKIM,IMMORAL TRAFFIC (P) ACT,0,0,7,3,0,2,11,0,2,5,7,0
TAMIL NADU,IMMORAL TRAFFIC (P) ACT,5331,3911,3303,3793,3649,2241,1964,1279,1269,921,878,927
TRIPURA,IMMORAL TRAFFIC (P) ACT,0,0,0,0,0,0,0,0,0,1,8,0
UTTAR PRADESH,IMMORAL TRAFFIC (P) ACT,125,236,304,259,200,491,304,383,201,119,256,187
UTTARAKHAND,IMMORAL TRAFFIC (P) ACT,0,0,0,17,10,23,60,20,29,27,14,61
WEST BENGAL,IMMORAL TRAFFIC (P) ACT,157,88,328,258,151,168,253,232,238,227,336,455
TOTAL (STATES),IMMORAL TRAFFIC (P) ACT,12562,11753,10807,10889,12115,11353,9563,7982,7650,6564,7375,7875
A & N ISLANDS,IMMORAL TRAFFIC (P) ACT,0,0,0,0,0,0,2,0,2,15,14,16
CHANDIGARH,IMMORAL TRAFFIC (P) ACT,9,9,14,48,27,7,21,35,14,13,5,0
D & N HAVELI,IMMORAL TRAFFIC (P) ACT,0,0,8,0,0,0,6,22,0,8,0,12
DAMAN & DIU,IMMORAL TRAFFIC (P) ACT,27,10,0,5,4,5,28,30,27,42,47,24
DELHI,IMMORAL TRAFFIC (P) ACT,136,201,205,477,501,376,217,162,77,96,123,104
LAKSHADWEEP,IMMORAL TRAFFIC (P) ACT,0,0,0,0,0,0,0,0,0,0,0,0
PUDUCHERRY,IMMORAL TRAFFIC (P) ACT,89,83,67,9,18,42,24,19,32,37,17,21
TOTAL (UTs),IMMORAL TRAFFIC (P) ACT,261,303,294,539,550,430,298,268,152,211,206,177
TOTAL (ALL-INDIA),IMMORAL TRAFFIC (P) ACT,12823,12056,11101,11428,12665,11783,9861,8250,7802,6775,7581,8052
ANDHRA PRADESH,DOWRY PROHIBITION ACT,1042,700,405,476,452,705,1201,1433,1508,1615,1925,2780
ARUNACHAL PRADESH,DOWRY PROHIBITION ACT,0,0,0,0,0,0,0,0,0,0,0,0
ASSAM,DOWRY PROHIBITION ACT,197,98,135,46,122,49,75,14,33,105,15,63
BIHAR,DOWRY PROHIBITION ACT,2501,2630,1831,1966,1898,1674,2295,2709,2243,2473,3268,2778
CHHATTISGARH,DOWRY PROHIBITION ACT,17,44,33,28,16,31,38,23,31,13,42,40
GOA,DOWRY PROHIBITION ACT,0,0,0,0,0,0,0,0,0,0,0,0
GUJARAT,DOWRY PROHIBITION ACT,0,0,0,0,0,2,0,0,5,12,86,0
HARYANA,DOWRY PROHIBITION ACT,0,2,3,7,10,23,21,19,17,19,8,8
HIMACHAL PRADESH,DOWRY PROHIBITION ACT,29,10,8,3,12,0,8,4,14,0,0,0
JAMMU & KASHMIR,DOWRY PROHIBITION ACT,2,3,7,1,0,1,0,2,4,2,1,1
JHARKHAND,DOWRY PROHIBITION ACT,855,507,774,774,566,578,857,861,638,1108,953,1689
KARNATAKA,DOWRY PROHIBITION ACT,520,674,772,572,730,1096,1239,1495,1853,2154,2287,2578
KERALA,DOWRY PROHIBITION ACT,3,3,8,1,3,5,6,2,3,7,5,6
MADHYA PRADESH,DOWRY PROHIBITION ACT,97,68,73,106,94,107,140,94,610,152,170,321
MAHARASHTRA,DOWRY PROHIBITION ACT,39,56,83,59,75,178,141,161,175,120,173,106
MANIPUR,DOWRY PROHIBITION ACT,0,0,0,0,0,0,0,0,0,0,0,0
MEGHALAYA,DOWRY PROHIBITION ACT,0,0,0,0,0,0,0,0,0,0,0,0
MIZORAM,DOWRY PROHIBITION ACT,0,0,0,0,0,0,0,0,0,0,0,0
NAGALAND,DOWRY PROHIBITION ACT,0,0,0,0,0,0,0,0,0,0,0,0
ODISHA,DOWRY PROHIBITION ACT,526,712,716,697,1059,1193,1509,2154,1698,3279,2267,2049
PUNJAB,DOWRY PROHIBITION ACT,0,0,6,2,11,7,7,7,20,3,6,0
RAJASTHAN,DOWRY PROHIBITION ACT,7,4,1,23,0,5,4,8,3,0,0,50
SIKKIM,DOWRY PROHIBITION ACT,0,0,0,0,0,0,0,0,0,0,0,0
TAMIL NADU,DOWRY PROHIBITION ACT,66,221,353,356,512,193,971,613,481,422,425,569
TRIPURA,DOWRY PROHIBITION ACT,0,0,0,0,0,0,0,0,2,1,0,0
UTTAR PRADESH,DOWRY PROHIBITION ACT,1119,913,1019,1064,1498,1682,1612,794,812,418,505,2244
UTTARAKHAND,DOWRY PROHIBITION ACT,7,4,5,5,4,0,2,2,1,0,7,0
WEST BENGAL,DOWRY PROHIBITION ACT,8,8,26,43,97,27,145,97,74,142,196,466
TOTAL (STATES),DOWRY PROHIBITION ACT,7035,6657,6258,6229,7159,7556,10271,10492,10225,12045,12339,15748
A & N ISLANDS,DOWRY PROHIBITION ACT,0,0,0,0,0,0,1,0,0,0,0,0
CHANDIGARH,DOWRY PROHIBITION ACT,0,0,0,0,0,0,0,0,1,0,1,0
D & N HAVELI,DOWRY PROHIBITION ACT,0,0,0,0,0,0,0,0,1,0,0,0
DAMAN & DIU,DOWRY PROHIBITION ACT,0,0,0,0,0,0,0,0,0,0,0,0
DELHI,DOWRY PROHIBITION ACT,19,13,14,25,15,23,23,17,2,6,6,11
LAKSHADWEEP,DOWRY PROHIBITION ACT,0,0,0,0,0,0,0,0,0,0,0,0
PUDUCHERRY,DOWRY PROHIBITION ACT,2,9,15,7,23,2,26,26,13,29,26,27
TOTAL (UTs),DOWRY PROHIBITION ACT,21,22,29,32,38,25,50,43,17,35,33,38
TOTAL (ALL-INDIA),DOWRY PROHIBITION ACT,7056,6679,6287,6261,7197,7581,10321,10535,10242,12080,12372,15786
ANDHRA PRADESH,INDECENT REPRESENTATION OF WOMEN (P) ACT,509,2347,911,1409,2688,1387,1025,937,708,804,323,26
ARUNACHAL PRADESH,INDECENT REPRESENTATION OF WOMEN (P) ACT,0,0,0,0,0,0,0,0,0,0,0,0
ASSAM,INDECENT REPRESENTATION OF WOMEN (P) ACT,1,3,0,0,0,0,0,0,0,0,1,3
BIHAR,INDECENT REPRESENTATION OF WOMEN (P) ACT,42,2,0,0,0,0,0,0,0,0,0,7
CHHATTISGARH,INDECENT REPRESENTATION OF WOMEN (P) ACT,0,0,0,0,0,0,0,0,1,1,0,1
GOA,INDECENT REPRESENTATION OF WOMEN (P) ACT,0,0,0,0,0,0,0,0,0,0,0,0
GUJARAT,INDECENT REPRESENTATION OF WOMEN (P) ACT,0,8,15,0,0,0,0,0,0,0,0,0
HARYANA,INDECENT REPRESENTATION OF WOMEN (P) ACT,0,0,0,0,0,0,0,0,0,0,0,10
HIMACHAL PRADESH,INDECENT REPRESENTATION OF WOMEN (P) ACT,0,0,0,2,0,0,0,0,0,0,0,0
JAMMU & KASHMIR,INDECENT REPRESENTATION OF WOMEN (P) ACT,0,0,0,0,0,0,0,0,2,0,0,0
JHARKHAND,INDECENT REPRESENTATION OF WOMEN (P) ACT,0,0,0,0,0,8,0,0,0,20,0,0
KARNATAKA,INDECENT REPRESENTATION OF WOMEN (P) ACT,0,0,0,0,0,0,0,0,0,0,0,0
KERALA,INDECENT REPRESENTATION OF WOMEN (P) ACT,50,44,29,62,120,66,31,35,30,45,10,9
MADHYA PRADESH,INDECENT REPRESENTATION OF WOMEN (P) ACT,0,0,0,0,0,6,0,0,2,0,0,0
MAHARASHTRA,INDECENT REPRESENTATION OF WOMEN (P) ACT,18,55,8,13,11,37,1,2,19,0,1,2
MANIPUR,INDECENT REPRESENTATION OF WOMEN (P) ACT,0,0,0,0,0,0,0,0,0,0,0,0
MEGHALAYA,INDECENT REPRESENTATION OF WOMEN (P) ACT,0,0,0,0,0,0,0,0,0,0,0,0
MIZORAM,INDECENT REPRESENTATION OF WOMEN (P) ACT,0,0,0,0,0,0,0,0,0,0,0,0
NAGALAND,INDECENT REPRESENTATION OF WOMEN (P) ACT,0,0,0,0,0,0,0,0,0,0,0,0
ODISHA,INDECENT REPRESENTATION OF WOMEN (P) ACT,0,0,0,0,0,0,0,0,0,0,1,1
PUNJAB,INDECENT REPRESENTATION OF WOMEN (P) ACT,1,10,1,7,0,0,0,0,0,0,0,0
RAJASTHAN,INDECENT REPRESENTATION OF WOMEN (P) ACT,52,47,94,103,94,104,125,105,116,63,105,66
SIKKIM,INDECENT REPRESENTATION OF WOMEN (P) ACT,0,0,0,0,0,0,0,0,0,0,0,0
TAMIL NADU,INDECENT REPRESENTATION OF WOMEN (P) ACT,11,9,7,77,59,51,27,4,1,18,12,40
TRIPURA,INDECENT REPRESENTATION OF WOMEN (P) ACT,0,0,0,0,0,0,0,0,0,0,0,0
UTTAR PRADESH,INDECENT REPRESENTATION OF WOMEN (P) ACT,6,0,0,0,0,0,0,0,0,3,7,0
UTTARAKHAND,INDECENT REPRESENTATION OF WOMEN (P) ACT,0,0,0,0,0,0,0,0,0,0,0,0
WEST BENGAL,INDECENT REPRESENTATION OF WOMEN (P) ACT,0,0,1,27,4,4,20,3,0,3,1,10
TOTAL (STATES),INDECENT REPRESENTATION OF WOMEN (P) ACT,690,2525,1066,1700,2976,1663,1229,1086,879,957,461,175
A & N ISLANDS,INDECENT REPRESENTATION OF WOMEN (P) ACT,0,0,0,0,0,0,0,0,0,0,0,0
CHANDIGARH,INDECENT REPRESENTATION OF WOMEN (P) ACT,0,1,0,0,0,0,0,0,0,0,0,0
D & N HAVELI,INDECENT REPRESENTATION OF WOMEN (P) ACT,0,0,0,0,0,0,0,0,0,0,0,0
DAMAN & DIU,INDECENT REPRESENTATION OF WOMEN (P) ACT,0,0,0,0,0,0,0,0,0,0,0,0
DELHI,INDECENT REPRESENTATION OF WOMEN (P) ACT,4,1,0,0,0,2,0,0,0,0,0,0
LAKSHADWEEP,INDECENT REPRESENTATION OF WOMEN (P) ACT,0,0,0,0,0,0,0,0,0,1,0,0
PUDUCHERRY,INDECENT REPRESENTATION OF WOMEN (P) ACT,0,0,0,0,0,0,0,0,0,0,0,0
TOTAL (UTs),INDECENT REPRESENTATION OF WOMEN (P) ACT,4,2,0,0,0,2,0,0,0,1,0,0
TOTAL (ALL-INDIA),INDECENT REPRESENTATION OF WOMEN (P) ACT,694,2527,1066,1700,2976,1665,1229,1086,879,958,461,175
ANDHRA PRADESH,COMMISSION OF SATI (P) ACT,0,0,0,0,0,0,0,0,0,0,0,0
ARUNACHAL PRADESH,COMMISSION OF SATI (P) ACT,0,0,0,0,0,0,0,0,0,0,0,0
ASSAM,COMMISSION OF SATI (P) ACT,0,0,0,0,0,0,0,0,0,0,0,0
BIHAR,COMMISSION OF SATI (P) ACT,0,0,0,0,0,0,0,0,0,0,0,0
CHHATTISGARH,COMMISSION OF SATI (P) ACT,0,0,0,0,0,0,0,7,0,0,0,0
GOA,COMMISSION OF SATI (P) ACT,0,0,0,0,0,0,0,0,0,0,0,0
GUJARAT,COMMISSION OF SATI (P) ACT,0,0,0,0,0,0,0,0,0,0,0,0
HARYANA,COMMISSION OF SATI (P) ACT,0,0,0,0,0,0,0,0,0,0,0,0
HIMACHAL PRADESH,COMMISSION OF SATI (P) ACT,0,0,0,0,0,0,0,0,0,0,0,0
JAMMU & KASHMIR,COMMISSION OF SATI (P) ACT,0,0,0,0,0,0,0,0,0,0,0,0
JHARKHAND,COMMISSION OF SATI (P) ACT,0,0,0,0,0,0,0,0,0,0,0,0
KARNATAKA,COMMISSION OF SATI (P) ACT,0,0,0,0,0,0,0,0,0,0,0,0
KERALA,COMMISSION OF SATI (P) ACT,0,0,0,0,0,0,0,0,0,0,0,0
MADHYA PRADESH,COMMISSION OF SATI (P) ACT,0,0,0,0,0,0,0,0,0,0,0,0
MAHARASHTRA,COMMISSION OF SATI (P) ACT,0,0,0,0,0,0,0,0,0,0,0,0
MANIPUR,COMMISSION OF SATI (P) ACT,0,0,0,0,0,0,0,0,0,0,0,0
MEGHALAYA,COMMISSION OF SATI (P) ACT,0,0,0,0,0,0,0,0,0,0,0,0
MIZORAM,COMMISSION OF SATI (P) ACT,0,0,0,0,0,0,0,0,0,0,0,0
NAGALAND,COMMISSION OF SATI (P) ACT,0,0,0,0,0,0,0,0,0,0,0,0
ODISHA,COMMISSION OF SATI (P) ACT,0,0,0,0,0,0,0,0,0,0,0,0
PUNJAB,COMMISSION OF SATI (P) ACT,0,0,0,0,0,0,0,0,0,0,0,0
RAJASTHAN,COMMISSION OF SATI (P) ACT,0,0,0,0,18,0,0,0,0,0,0,0
SIKKIM,COMMISSION OF SATI (P) ACT,0,0,0,0,0,0,0,0,0,0,0,0
TAMIL NADU,COMMISSION OF SATI (P) ACT,0,0,0,0,0,0,0,0,0,0,0,0
TRIPURA,COMMISSION OF SATI (P) ACT,0,0,0,0,0,0,0,0,0,0,0,0
UTTAR PRADESH,COMMISSION OF SATI (P) ACT,0,0,0,0,0,0,0,0,0,0,0,0
UTTARAKHAND,COMMISSION OF SATI (P) ACT,0,0,0,0,0,0,0,0,0,0,0,0
WEST BENGAL,COMMISSION OF SATI (P) ACT,0,0,0,0,0,0,0,0,0,0,0,0
TOTAL (STATES),COMMISSION OF SATI (P) ACT,0,0,0,0,18,0,0,7,0,0,0,0
A & N ISLANDS,COMMISSION OF SATI (P) ACT,0,0,0,0,0,0,0,0,0,0,0,0
CHANDIGARH,COMMISSION OF SATI (P) ACT,0,0,0,0,0,0,0,0,0,0,0,0
D & N HAVELI,COMMISSION OF SATI (P) ACT,0,0,0,0,0,0,0,0,0,0,0,0
DAMAN & DIU,COMMISSION OF SATI (P) ACT,0,0,0,0,0,0,0,0,0,0,0,0
DELHI,COMMISSION OF SATI (P) ACT,0,0,0,0,0,0,0,0,0,0,0,0
LAKSHADWEEP,COMMISSION OF SATI (P) ACT,0,0,0,0,0,0,0,0,0,0,0,0
PUDUCHERRY,COMMISSION OF SATI (P) ACT,0,0,0,0,0,0,0,0,0,0,0,0
TOTAL (UTs),COMMISSION OF SATI (P) ACT,0,0,0,0,0,0,0,0,0,0,0,0
TOTAL (ALL-INDIA),COMMISSION OF SATI (P) ACT,0,0,0,0,18,0,0,7,0,0,0,0
ANDHRA PRADESH,TOTAL CRIMES AGAINST WOMEN,22218,26627,29101,28976,31136,30660,35121,35831,36465,38570,37766,39288
ARUNACHAL PRADESH,TOTAL CRIMES AGAINST WOMEN,218,207,160,162,129,141,203,180,182,197,199,202
ASSAM,TOTAL CRIMES AGAINST WOMEN,5497,6764,7551,8117,8760,8438,8797,8531,11810,12996,11241,12346
BIHAR,TOTAL CRIMES AGAINST WOMEN,13034,13009,11323,12334,11220,11757,14955,14223,14457,13134,18157,20147
CHHATTISGARH,TOTAL CRIMES AGAINST WOMEN,5312,5107,4869,6051,5491,5758,5855,6026,6337,6577,6423,6594
GOA,TOTAL CRIMES AGAINST WOMEN,186,135,191,227,229,159,145,176,235,214,159,286
GUJARAT,TOTAL CRIMES AGAINST WOMEN,13464,12563,14060,15549,16510,18188,21665,22194,21170,20459,22223,23965
HARYANA,TOTAL CRIMES AGAINST WOMEN,5845,7031,6524,6610,6275,6857,7071,7421,7350,7540,6696,7264
HIMACHAL PRADESH,TOTAL CRIMES AGAINST WOMEN,1372,1245,1083,1203,1267,1151,1476,1494,1428,1481,1268,1325
JAMMU & KASHMIR,TOTAL CRIMES AGAINST WOMEN,2424,2764,3580,3345,3163,3896,4411,3233,4095,3569,5098,5204
JHARKHAND,TOTAL CRIMES AGAINST WOMEN,3750,3765,3931,3931,3432,4117,4528,4932,4309,5172,4873,6549
KARNATAKA,TOTAL CRIMES AGAINST WOMEN,9819,10047,10376,9154,10590,11035,11302,12780,13941,15179,16084,16680
KERALA,TOTAL CRIMES AGAINST WOMEN,8076,8968,8726,9849,10669,11406,11210,11353,11132,13253,13964,13517
MADHYA PRADESH,TOTAL CRIMES AGAINST WOMEN,22308,25388,24089,27027,24254,23753,25990,26163,28262,27814,27818,29247
MAHARASHTRA,TOTAL CRIMES AGAINST WOMEN,30600,30106,29336,30432,34156,36197,36040,38390,41095,40377,39643,41048
MANIPUR,TOTAL CRIMES AGAINST WOMEN,102,161,150,132,127,104,133,147,183,141,170,202
MEGHALAYA,TOTAL CRIMES AGAINST WOMEN,54,80,82,96,106,158,130,161,178,228,258,271
MIZORAM,TOTAL CRIMES AGAINST WOMEN,138,155,173,79,85,138,152,177,165,194,149,215
NAGALAND,TOTAL CRIMES AGAINST WOMEN,38,49,30,36,37,64,58,68,72,66,49,75
ODISHA,TOTAL CRIMES AGAINST WOMEN,7455,7413,7805,7884,9524,10408,10424,10910,11346,16112,14122,17183
PUNJAB,TOTAL CRIMES AGAINST WOMEN,4664,4724,4192,3642,3303,3882,4211,4233,4100,4646,4436,5048
RAJASTHAN,TOTAL CRIMES AGAINST WOMEN,13831,13295,12692,14640,12838,14546,14548,14097,15455,15335,16764,17095
SIKKIM,TOTAL CRIMES AGAINST WOMEN,24,24,36,69,42,39,63,55,76,68,59,69
TAMIL NADU,TOTAL CRIMES AGAINST WOMEN,14116,12756,11721,12750,12275,9483,11601,11345,9450,9649,9727,10913
TRIPURA,TOTAL CRIMES AGAINST WOMEN,590,558,878,983,1308,1272,1107,1774,2727,2127,2676,1946
UTTAR PRADESH,TOTAL CRIMES AGAINST WOMEN,42283,35542,23433,32979,32720,34720,48291,57874,63332,58330,72153,77745
UTTARAKHAND,TOTAL CRIMES AGAINST WOMEN,1436,1750,1827,2660,1648,2176,2711,1690,2064,1750,1344,1420
WEST BENGAL,TOTAL CRIMES AGAINST WOMEN,11114,14160,15992,16613,19227,22398,22175,24328,20671,26549,26320,34023
TOTAL (STATES),TOTAL CRIMES AGAINST WOMEN,239968,244393,233911,255530,260521,272901,304373,319786,332087,341727,359839,389867
A & N ISLANDS,TOTAL CRIMES AGAINST WOMEN,34,30,36,44,32,49,80,85,126,131,86,73
CHANDIGARH,TOTAL CRIMES AGAINST WOMEN,174,196,206,331,306,352,290,216,158,138,128,268
D & N HAVELI,TOTAL CRIMES AGAINST WOMEN,24,19,24,32,35,25,21,64,20,46,14,30
DAMAN & DIU,TOTAL CRIMES AGAINST WOMEN,42,14,10,15,17,28,57,51,38,51,55,45
DELHI,TOTAL CRIMES AGAINST WOMEN,3124,3080,4789,5196,5853,6207,5648,3115,2753,3040,3475,3981
LAKSHADWEEP,TOTAL CRIMES AGAINST WOMEN,0,3,3,1,0,1,2,2,2,1,0,1
PUDUCHERRY,TOTAL CRIMES AGAINST WOMEN,223,246,221,173,191,260,337,191,152,205,205,110
TOTAL (UTs),TOTAL CRIMES AGAINST WOMEN,3621,3588,5289,5792,6434,6922,6435,3724,3249,3612,3963,4508
TOTAL (ALL-INDIA),TOTAL CRIMES AGAINST WOMEN,243589,247981,239200,261322,266955,279823,310808,323510,335336,345339,363802,394375
